{"schemaVersion":"1.0","appDefinitionTemplate":{"id":"/providers/Microsoft.PowerApps/apps/","type":"Microsoft.PowerApps/apps","tags":{"primaryDeviceWidth":"1185","primaryDeviceHeight":"790","sienaVersion":"20230705T104337Z-3.23062.17.0","deviceCapabilities":"","supportsPortrait":"false","supportsLandscape":"true","primaryFormFactor":"Web","publisherVersion":"3.23062.17","minimumRequiredApiVersion":"2.2.0","hasComponent":"false","hasUnlockedComponent":"false","isUnifiedRootApp":"false"},"properties":{"appVersion":"2023-07-05T10:43:37Z","lifeCycleId":"Published","createdByClientVersion":{"major":3,"minor":23062,"build":17,"revision":0,"majorRevision":0,"minorRevision":0},"minClientVersion":{"major":3,"minor":23062,"build":17,"revision":0,"majorRevision":0,"minorRevision":0},"backgroundColor":"rgba(0, 176, 240, 1)","backgroundImageUri":"/3314272411109207576/Nfe52f0ea-15c2-48dc-8584-d87c28202c9f-logoSmallFile","displayName":"1disability","description":"","commitMessage":"","appUris":{"documentUri":{"value":"/3314272411109207576/N1c6a4025-3009-4263-baff-8a073be1bcbc-document.msapp"},"imageUris":[],"additionalUris":[]},"createdTime":"0001-01-01T00:00:00Z","lastModifiedTime":"0001-01-01T00:00:00Z","sharedGroupsCount":0,"sharedUsersCount":0,"connectionReferences":{"98f86eb7-a1b1-495b-8a2d-6db75d147590":{"id":"55b5ec80-51b7-4e94-8258-588d077aa0dc","displayName":"SharePoint","iconUri":"https://connectoricons-prod.azureedge.net/u/shgogna/globalperconnector-train1/1.0.1639.3312/sharepointonline/icon.png","dataSources":["Disability_Form"],"dependencies":[],"dependents":[],"parameterHints":{},"parameterHintsV2":{},"isOnPremiseConnection":false,"bypassConsent":true,"dataSets":{"https://cdmsmithonline.sharepoint.com/sites/TestSite":{"dataSources":{"Disability_Form":{"tableName":"6b7a302c-3785-4260-afcb-08f10eb7ae6b"}}}},"apiTier":"Standard","isCustomApiConnection":false,"actions":["providers/PowerPlatform.Governance/Operations/Read","providers/PowerPlatform.Governance/Operations/Write"]}},"databaseReferences":{},"embeddedApp":{"siteId":"https://cdmsmithonline.sharepoint.com/sites/TestSite","listId":"6b7a302c-3785-4260-afcb-08f10eb7ae6b","listUrl":"https://cdmsmithonline.sharepoint.com/sites/TestSite/Lists/1DisabilityForm/AllItems.aspx","type":"SharepointFormApp","screenWidth":1185,"screenHeight":790},"almMode":"Environment","performanceOptimizationEnabled":true,"canConsumeAppPass":true,"enableModernRuntimeMode":false,"executionRestrictions":{"isTeamsOnly":false,"dataLossPreventionEvaluationResult":{"status":"Compliant","lastEvaluationDate":"2021-03-18T08:44:54.3696395Z","violationDetails":[]}}},"appType":"ClassicCanvasApp","appComponents":[]}}

