{"schemaVersion":"1.0","appDefinitionTemplate":{"id":"/providers/Microsoft.PowerApps/apps/","type":"Microsoft.PowerApps/apps","tags":{"primaryDeviceWidth":"1366","primaryDeviceHeight":"768","supportsPortrait":"false","supportsLandscape":"true","primaryFormFactor":"Tablet","publisherVersion":"3.23064.16","minimumRequiredApiVersion":"2.2.0","hasComponent":"false","hasUnlockedComponent":"false","isUnifiedRootApp":"false","sienaVersion":"20230712T153438Z-3.23064.16.0"},"properties":{"appVersion":"2023-07-12T15:34:38Z","lifeCycleId":"Published","createdByClientVersion":{"major":3,"minor":23064,"build":16,"revision":0,"majorRevision":0,"minorRevision":0},"minClientVersion":{"major":3,"minor":23064,"build":16,"revision":0,"majorRevision":0,"minorRevision":0},"backgroundColor":"RGBA(0,176,240,1)","backgroundImageUri":"/6762409297690860839/Nac23c08a-3cae-469f-b5cc-a201548a7ee3-logoSmallFile","displayName":"Mileage Tracking App","description":"","commitMessage":"","appUris":{"documentUri":{"value":"/6762409297690860839/N83ddce73-8ad3-41f2-90f5-c6a70d404fb7-document.msapp"},"imageUris":[],"additionalUris":[]},"createdTime":"0001-01-01T00:00:00Z","lastModifiedTime":"0001-01-01T00:00:00Z","sharedGroupsCount":0,"sharedUsersCount":0,"connectionReferences":{"6a48a451-503a-4eba-ba2e-2b5f5783c836":{"id":"55b5ec80-51b7-4e94-8258-588d077aa0dc","displayName":"SharePoint","iconUri":"https://connectoricons-prod.azureedge.net/u/shgogna/globalperconnector-train1/1.0.1639.3312/sharepointonline/icon.png","dataSources":["Kilometerverfolgung","Finance User","Workgroup","Projects","Vehicle_Details"],"dependencies":[],"dependents":[],"parameterHints":{},"parameterHintsV2":{},"isOnPremiseConnection":false,"bypassConsent":false,"dataSets":{"https://cdmsmithonline.sharepoint.com/Sites/MileageTracking":{"dataSources":{"Kilometerverfolgung":{"tableName":"5859e353-0bf7-4fc8-9a9f-887c31ea7209"},"Finance User":{"tableName":"92e7c3cb-7faf-463a-b22c-340e2ee1ae66"},"Workgroup":{"tableName":"7b5e3a21-d4b5-4a5d-9842-737201a45c59"},"Projects":{"tableName":"57ccded9-6123-4dd6-a0c1-00f386dc4540"},"Vehicle_Details":{"tableName":"b7caa698-19a2-46fa-ad42-c2ff9011231e"}}}},"apiTier":"Standard","isCustomApiConnection":false,"actions":["providers/PowerPlatform.Governance/Operations/Read"]},"f3859934-ad43-4088-83a2-7d94d0658e48":{"id":"77af0783-bda3-4179-ace0-26e3097243ee","displayName":"Office 365 Users","iconUri":"https://connectoricons-prod.azureedge.net/releases/v1.0.1644/1.0.1644.3342/office365users/icon.png","dataSources":["Office365Users"],"dependencies":[],"dependents":[],"parameterHints":{},"parameterHintsV2":{},"isOnPremiseConnection":false,"bypassConsent":false,"dataSets":{},"apiTier":"Standard","isCustomApiConnection":false,"actions":["SearchUser","MyProfile","UserProfile"]},"6210904d-c094-4dd2-a0d6-794210508db6":{"id":"72af90b5-b28c-4aef-9536-7601275e1dc4","displayName":"Excel Online (Business)","iconUri":"https://connectoricons-prod.azureedge.net/releases/v1.0.1639/1.0.1639.3319/excelonlinebusiness/icon.png","dataSources":["Table2"],"dependencies":[],"dependents":[],"parameterHints":{},"parameterHintsV2":{},"isOnPremiseConnection":false,"bypassConsent":false,"dataSets":{"sites%252Fcdmsmithonline.sharepoint.com%252Cab1cfbc7-18c9-4dc2-9c09-cbcfbe425903%252Cec458bd5-53b2-4a52-8aa0-fa2030909f6b,b%2521x_scq8kYwk2cCcvPvkJZA9WLReyyU1JKiqD6IDCQn2viZ2guKljaSruLS3T-f68v,01JCL47ZQ253MKZ53WURGZMJFTNQ5QFG4D":{"dataSources":{"Table2":{"tableName":"{508351B7-0A5D-46B1-AAB2-0AB716CF8009}"}}}},"apiTier":"Standard","isCustomApiConnection":false,"actions":["providers/PowerPlatform.Governance/Operations/Read"]}},"databaseReferences":{},"almMode":"Environment","performanceOptimizationEnabled":true,"canConsumeAppPass":true,"enableModernRuntimeMode":false,"executionRestrictions":{"isTeamsOnly":false,"dataLossPreventionEvaluationResult":{"status":"Compliant","lastEvaluationDate":"2023-03-27T16:24:43.8976708Z","violations":[],"violationsByPolicy":[],"violationErrorMessage":"The app uses the following connectors: ."}}},"appType":"ClassicCanvasApp","appComponents":[]}}